tarik;100%
PaulPanda;99%
SergioChillSeason;40%
BeutnerGmbH;88%
König;100%
Weislylon;2%
MarauderMax;75%
BlitzBee;50%
SilberSurfer;33%
PhantomFyre;92%
ZenithZephyr;68%
AstralAura;10%
QuasarQuest;84%
NebulaNinja;45%
GalacticGuru;77%
tarik;100%
PaulPanda;99%
SergioChillSeason;40%
BeutnerGmbH;88%
König;100%
Weislylon;2%
MarauderMax;75%
BlitzBee;50%
SilberSurfer;33%
PhantomFyre;92%
ZenithZephyr;68%
AstralAura;10%
QuasarQuest;84%
NebulaNinja;45%
GalacticGuru;77%
tarik;100%
PaulPanda;99%
SergioChillSeason;40%
BeutnerGmbH;88%
König;100%
Weislylon;2%
MarauderMax;75%
BlitzBee;50%
SilberSurfer;33%
PhantomFyre;92%
ZenithZephyr;68%
AstralAura;10%
QuasarQuest;84%
NebulaNinja;45%
GalacticGuru;77%
tarik;100%
PaulPanda;99%
SergioChillSeason;40%
BeutnerGmbH;88%
König;100%
Weislylon;2%
MarauderMax;75%
BlitzBee;50%
SilberSurfer;33%
PhantomFyre;92%
ZenithZephyr;68%
AstralAura;10%
QuasarQuest;84%
NebulaNinja;45%
GalacticGuru;77%
tarik;100%
PaulPanda;99%
SergioChillSeason;40%
BeutnerGmbH;88%
König;100%
Weislylon;2%
MarauderMax;75%
BlitzBee;50%
SilberSurfer;33%
PhantomFyre;92%
ZenithZephyr;68%
AstralAura;10%
QuasarQuest;84%
NebulaNinja;45%
GalacticGuru;77%